{
   "GoldPacks":[
      {
         "Cost":20,
         "Amount":150
      },
      {
         "Cost":50,
         "Amount":400
      },
      {
         "Cost":140,
         "Amount":1200
      },
      {
         "Cost":280,
         "Amount":2600
      }
   ],
   "Boxes":[
      {
         "Cost":30,
         "Multiplier":3
      },
      {
         "Cost":80,
         "Multiplier":10
      }
   ],
   "TokenDoubler":[
      {
         "Cost":50,
         "Amount":1000
      }
   ],

   "Offers": [
      {
         "OfferID": 10,
         "DataReference": [16,0],
         "BGR": "offer_wf",
         "ShopType": 0,
         "OLD COST": 1,
         "ShopDisplay": 0,
         "Cost": 80,
         "Timer": 36000,
         "Multiplier": 2,
         "OfferText": "2 МЕГА",
         "Claimed": false
      },
          {
         "OfferID": 3,
         "DataReference": [16,36],
         "BGR": "offer_chromatic",
         "OLD COST": 39,
         "ShopType": 0,
         "ShopDisplay": 0,
         "Cost": 6,
         "Timer": 36000,
         "Multiplier": 100,
         "OfferText": "В ЧЕСТЬ ОТКРЫТИЯ!",
         "Claimed": false
      },
      
      {
         "OfferID": 3,
         "DataReference": [16,37],
         "BGR": "offer_xmas",
         "ShopType": 0,
         "OLD COST": 28,
         "ShopDisplay": 0,
         "Cost": 16,
         "Timer": 36000,
         "Multiplier": 100,
         "OfferText": "В ЧЕСТЬ ОТКРЫТИЯ!",
         "Claimed": false
      },
      
      {
         "OfferID": 3,
         "DataReference": [16, 38],
         "BGR": "offer_archive",
         "OLD COST": 99,
         "ShopType": 0,
         "ShopDisplay": 0,
         "Cost": 19,
         "Timer": 36000,
         "Multiplier": 100,
         "OfferText": "В ЧЕСТЬ ОТКРЫТИЯ!",
         "Claimed": false
      }

   ]
}